Team,Season,HR,G,SOG,TOI
CBJ,2007,Home,48,822,101634
CBJ,2007,Road,63,871,108879
CBJ,2007,Total,111,1693,210513
DAL,2007,Home,78,931,129511
DAL,2007,Road,90,1013,136887
DAL,2007,Total,168,1944,266398
VAN,2007,Home,58,741,107412
VAN,2007,Road,67,800,100516
VAN,2007,Total,125,1541,207928
NSH,2007,Home,75,899,115560
NSH,2007,Road,80,978,115159
NSH,2007,Total,155,1877,230719
ANA,2007,Home,57,705,112148
ANA,2007,Road,61,927,106979
ANA,2007,Total,118,1632,219127
WSH,2007,Home,77,1021,116383
WSH,2007,Road,81,1024,120688
WSH,2007,Total,158,2045,237071
NYI,2007,Home,61,841,106680
NYI,2007,Road,58,963,108660
NYI,2007,Total,119,1804,215340
BUF,2007,Home,68,866,107017
BUF,2007,Road,90,884,107428
BUF,2007,Total,158,1750,214445
T.B,2007,Home,68,834,113193
T.B,2007,Road,68,916,111971
T.B,2007,Total,136,1750,225164
N.J,2007,Home,61,897,114252
N.J,2007,Road,67,907,114371
N.J,2007,Total,128,1804,228623
CHI,2007,Home,66,765,103044
CHI,2007,Road,77,861,103428
CHI,2007,Total,143,1626,206472
CGY,2007,Home,76,873,118190
CGY,2007,Road,78,906,113786
CGY,2007,Total,154,1779,231976
MTL,2007,Home,79,900,119721
MTL,2007,Road,85,1000,122979
MTL,2007,Total,164,1900,242700
STL,2007,Home,65,831,107993
STL,2007,Road,71,761,106694
STL,2007,Total,136,1592,214687
MIN,2007,Home,71,857,113956
MIN,2007,Road,70,854,114762
MIN,2007,Total,141,1711,228718
PIT,2007,Home,77,973,130475
PIT,2007,Road,98,1014,134446
PIT,2007,Total,175,1987,264921
ATL,2007,Home,49,676,108081
ATL,2007,Road,76,829,112688
ATL,2007,Total,125,1505,220769
EDM,2007,Home,63,746,106545
EDM,2007,Road,80,855,109615
EDM,2007,Total,143,1601,216160
OTT,2007,Home,86,916,113961
OTT,2007,Road,79,956,110932
OTT,2007,Total,165,1872,224893
PHI,2007,Home,80,1007,130627
PHI,2007,Road,75,962,120263
PHI,2007,Total,155,1969,250890
L.A,2007,Home,66,813,109802
L.A,2007,Road,71,836,108038
L.A,2007,Total,137,1649,217840
S.J,2007,Home,75,1024,126801
S.J,2007,Road,73,1022,127223
S.J,2007,Total,148,2046,254024
DET,2007,Home,95,1185,135424
DET,2007,Road,93,1332,137898
DET,2007,Total,188,2517,273322
PHX,2007,Home,59,910,111954
PHX,2007,Road,63,957,107664
PHX,2007,Total,122,1867,219618
NYR,2007,Home,77,982,121429
NYR,2007,Road,74,1081,120602
NYR,2007,Total,151,2063,242031
CAR,2007,Home,69,901,105485
CAR,2007,Road,84,987,103685
CAR,2007,Total,153,1888,209170
COL,2007,Home,77,889,125945
COL,2007,Road,92,1059,123888
COL,2007,Total,169,1948,249833
TOR,2007,Home,69,915,106112
TOR,2007,Road,78,930,106254
TOR,2007,Total,147,1845,212366
FLA,2007,Home,68,873,110504
FLA,2007,Road,65,982,108497
FLA,2007,Total,133,1855,219001
BOS,2007,Home,67,908,115620
BOS,2007,Road,65,967,120579
BOS,2007,Total,132,1875,236199
CBJ,2008,Home,83,874,117105
CBJ,2008,Road,74,963,112880
CBJ,2008,Total,157,1837,229985
DAL,2008,Home,77,802,109167
DAL,2008,Road,73,876,107602
DAL,2008,Total,150,1678,216769
VAN,2008,Home,77,899,117152
VAN,2008,Road,87,912,119707
VAN,2008,Total,164,1811,236859
NSH,2008,Home,59,829,110293
NSH,2008,Road,74,930,110534
NSH,2008,Total,133,1759,220827
ANA,2008,Home,83,958,129933
ANA,2008,Road,84,1045,124414
ANA,2008,Total,167,2003,254347
WSH,2008,Home,86,1112,124307
WSH,2008,Road,92,1190,131549
WSH,2008,Total,178,2302,255856
NYI,2008,Home,45,805,109595
NYI,2008,Road,72,944,106566
NYI,2008,Total,117,1749,216161
BUF,2008,Home,72,888,105641
BUF,2008,Road,80,950,109105
BUF,2008,Total,152,1838,214746
T.B,2008,Home,65,807,107323
T.B,2008,Road,63,858,106047
T.B,2008,Total,128,1665,213370
N.J,2008,Home,65,1066,120443
N.J,2008,Road,95,1065,122443
N.J,2008,Total,160,2131,242886
CHI,2008,Home,82,1221,136418
CHI,2008,Road,99,1155,127803
CHI,2008,Total,181,2376,264221
CGY,2008,Home,67,946,110658
CGY,2008,Road,105,1128,118295
CGY,2008,Total,172,2074,228953
MTL,2008,Home,66,930,113718
MTL,2008,Road,84,889,111545
MTL,2008,Total,150,1819,225263
STL,2008,Home,69,885,113050
STL,2008,Road,65,828,112610
STL,2008,Total,134,1713,225660
MIN,2008,Home,53,773,110175
MIN,2008,Road,69,857,114052
MIN,2008,Total,122,1630,224227
PIT,2008,Home,112,1164,146925
PIT,2008,Road,102,1122,135127
PIT,2008,Total,214,2286,282052
ATL,2008,Home,71,769,108498
ATL,2008,Road,76,862,106610
ATL,2008,Total,147,1631,215108
EDM,2008,Home,78,828,107684
EDM,2008,Road,72,862,110045
EDM,2008,Total,150,1690,217729
OTT,2008,Home,59,797,107451
OTT,2008,Road,66,902,110718
OTT,2008,Total,125,1699,218169
PHI,2008,Home,66,918,113372
PHI,2008,Road,95,1010,114820
PHI,2008,Total,161,1928,228192
L.A,2008,Home,53,814,107258
L.A,2008,Road,60,845,106555
L.A,2008,Total,113,1659,213813
S.J,2008,Home,59,990,119973
S.J,2008,Road,77,1113,118469
S.J,2008,Total,136,2103,238442
DET,2008,Home,95,1264,136716
DET,2008,Road,122,1466,148405
DET,2008,Total,217,2730,285121
PHX,2008,Home,62,851,111824
PHX,2008,Road,68,815,110189
PHX,2008,Total,130,1666,222013
NYR,2008,Home,64,1007,117544
NYR,2008,Road,67,1031,116084
NYR,2008,Total,131,2038,233628
CAR,2008,Home,86,1221,135268
CAR,2008,Road,82,1181,130236
CAR,2008,Total,168,2402,265504
COL,2008,Home,58,834,112955
COL,2008,Road,66,930,110306
COL,2008,Total,124,1764,223261
TOR,2008,Home,83,931,111196
TOR,2008,Road,78,971,109629
TOR,2008,Total,161,1902,220825
FLA,2008,Home,77,834,110819
FLA,2008,Road,73,971,113317
FLA,2008,Total,150,1805,224136
BOS,2008,Home,81,1009,124141
BOS,2008,Road,110,1068,130940
BOS,2008,Total,191,2077,255081
CBJ,2009,Home,65,811,111171
CBJ,2009,Road,69,921,110383
CBJ,2009,Total,134,1732,221554
DAL,2009,Home,64,852,111728
DAL,2009,Road,86,993,112478
DAL,2009,Total,150,1845,224206
VAN,2009,Home,92,1105,126486
VAN,2009,Road,111,1036,125183
VAN,2009,Total,203,2141,251669
NSH,2009,Home,87,972,122890
NSH,2009,Road,72,1073,125559
NSH,2009,Total,159,2045,248449
ANA,2009,Home,64,853,114141
ANA,2009,Road,83,941,108818
ANA,2009,Total,147,1794,222959
WSH,2009,Home,112,1044,119893
WSH,2009,Road,113,1178,125384
WSH,2009,Total,225,2222,245277
NYI,2009,Home,59,861,107594
NYI,2009,Road,86,991,111374
NYI,2009,Total,145,1852,218968
BUF,2009,Home,80,1028,120259
BUF,2009,Road,86,1093,121404
BUF,2009,Total,166,2121,241663
T.B,2009,Home,63,832,108924
T.B,2009,Road,72,875,109775
T.B,2009,Total,135,1707,218699
N.J,2009,Home,59,1027,123545
N.J,2009,Road,88,945,122922
N.J,2009,Total,147,1972,246467
CHI,2009,Home,109,1333,148394
CHI,2009,Road,117,1357,144963
CHI,2009,Total,226,2690,293357
CGY,2009,Home,72,871,111798
CGY,2009,Road,61,926,114773
CGY,2009,Total,133,1797,226571
MTL,2009,Home,69,1045,145407
MTL,2009,Road,93,1057,135857
MTL,2009,Total,162,2102,281264
STL,2009,Home,78,887,109610
STL,2009,Road,65,904,109146
STL,2009,Total,143,1791,218756
MIN,2009,Home,53,844,110551
MIN,2009,Road,82,810,112826
MIN,2009,Total,135,1654,223377
PIT,2009,Home,89,1085,123828
PIT,2009,Road,101,1198,132465
PIT,2009,Total,190,2283,256293
ATL,2009,Home,85,882,112835
ATL,2009,Road,76,912,108014
ATL,2009,Total,161,1794,220849
EDM,2009,Home,63,870,111351
EDM,2009,Road,79,912,115432
EDM,2009,Total,142,1782,226783
OTT,2009,Home,74,989,123263
OTT,2009,Road,82,992,121655
OTT,2009,Total,156,1981,244918
PHI,2009,Home,94,1161,143331
PHI,2009,Road,93,1199,137014
PHI,2009,Total,187,2360,280345
L.A,2009,Home,64,955,119566
L.A,2009,Road,83,931,121996
L.A,2009,Total,147,1886,241562
S.J,2009,Home,82,1104,127184
S.J,2009,Road,102,1165,134624
S.J,2009,Total,184,2269,261808
DET,2009,Home,88,1214,134646
DET,2009,Road,78,1110,125034
DET,2009,Total,166,2324,259680
PHX,2009,Home,63,1018,117960
PHX,2009,Road,97,1051,119706
PHX,2009,Total,160,2069,237666
NYR,2009,Home,70,886,111321
NYR,2009,Road,76,941,111869
NYR,2009,Total,146,1827,223190
CAR,2009,Home,69,851,109022
CAR,2009,Road,67,883,110200
CAR,2009,Total,136,1734,219222
COL,2009,Home,80,858,122082
COL,2009,Road,82,970,121445
COL,2009,Total,162,1828,243527
TOR,2009,Home,76,963,111404
TOR,2009,Road,75,1076,113943
TOR,2009,Total,151,2039,225347
FLA,2009,Home,67,858,113249
FLA,2009,Road,72,896,113516
FLA,2009,Total,139,1754,226765
BOS,2009,Home,81,1133,138194
BOS,2009,Road,71,1179,133869
BOS,2009,Total,152,2312,272063
CBJ,2010,Home,64,927,114276
CBJ,2010,Road,75,912,110846
CBJ,2010,Total,139,1839,225122
DAL,2010,Home,75,826,114900
DAL,2010,Road,68,820,111115
DAL,2010,Total,143,1646,226015
VAN,2010,Home,84,1237,143975
VAN,2010,Road,113,1379,156234
VAN,2010,Total,197,2616,300209
NSH,2010,Home,84,1041,135545
NSH,2010,Road,90,1081,131242
NSH,2010,Total,174,2122,266787
ANA,2010,Home,69,848,121663
ANA,2010,Road,74,973,122902
ANA,2010,Total,143,1821,244565
WSH,2010,Home,76,1059,125774
WSH,2010,Road,83,1072,129485
WSH,2010,Total,159,2131,255259
NYI,2010,Home,48,821,113933
NYI,2010,Road,90,951,111811
NYI,2010,Total,138,1772,225744
BUF,2010,Home,86,1069,123836
BUF,2010,Road,86,1138,123569
BUF,2010,Total,172,2207,247405
T.B,2010,Home,85,1148,139063
T.B,2010,Road,105,1207,133738
T.B,2010,Total,190,2355,272801
N.J,2010,Home,53,941,116822
N.J,2010,Road,64,924,119498
N.J,2010,Total,117,1865,236320
CHI,2010,Home,90,1124,129989
CHI,2010,Road,91,1131,127219
CHI,2010,Total,181,2255,257208
CGY,2010,Home,76,985,112708
CGY,2010,Road,85,907,114860
CGY,2010,Total,161,1892,227568
MTL,2010,Home,73,1092,126045
MTL,2010,Road,71,1077,120642
MTL,2010,Total,144,2169,246687
STL,2010,Home,86,984,116448
STL,2010,Road,75,932,114949
STL,2010,Total,161,1916,231397
MIN,2010,Home,64,836,114467
MIN,2010,Road,62,762,113719
MIN,2010,Total,126,1598,228186
PIT,2010,Home,75,1029,119562
PIT,2010,Road,81,1078,121490
PIT,2010,Total,156,2107,241052
ATL,2010,Home,68,935,116028
ATL,2010,Road,70,1038,116624
ATL,2010,Total,138,1973,232652
EDM,2010,Home,69,840,112344
EDM,2010,Road,54,792,112344
EDM,2010,Total,123,1632,224688
OTT,2010,Home,67,930,114965
OTT,2010,Road,56,942,114912
OTT,2010,Total,123,1872,229877
PHI,2010,Home,97,1086,127645
PHI,2010,Road,95,1167,126667
PHI,2010,Total,192,2253,254312
L.A,2010,Home,81,971,125205
L.A,2010,Road,80,951,121733
L.A,2010,Total,161,1922,246938
S.J,2010,Home,95,1237,142595
S.J,2010,Road,92,1334,141427
S.J,2010,Total,187,2571,284022
DET,2010,Home,99,1137,129954
DET,2010,Road,92,1257,129527
DET,2010,Total,191,2394,259481
PHX,2010,Home,76,1013,117636
PHX,2010,Road,84,1019,122854
PHX,2010,Total,160,2032,240490
NYR,2010,Home,66,965,122291
NYR,2010,Road,88,1020,121771
NYR,2010,Total,154,1985,244062
CAR,2010,Home,69,916,112465
CAR,2010,Road,80,959,110376
CAR,2010,Total,149,1875,222841
COL,2010,Home,70,855,114196
COL,2010,Road,77,980,114264
COL,2010,Total,147,1835,228460
TOR,2010,Home,71,792,109630
TOR,2010,Road,78,978,117244
TOR,2010,Total,149,1770,226874
FLA,2010,Home,61,954,116987
FLA,2010,Road,78,1011,116020
FLA,2010,Total,139,1965,233007
BOS,2010,Home,115,1310,151540
BOS,2010,Road,120,1418,153405
BOS,2010,Total,235,2728,304945
CBJ,2011,Home,59,854,112835
CBJ,2011,Road,70,918,114102
CBJ,2011,Total,129,1772,226937
DAL,2011,Home,72,920,114191
DAL,2011,Road,72,938,115826
DAL,2011,Total,144,1858,230017
VAN,2011,Home,74,935,115262
VAN,2011,Road,88,1110,125734
VAN,2011,Total,162,2045,240996
NSH,2011,Home,83,980,132538
NSH,2011,Road,88,1048,133304
NSH,2011,Total,171,2028,265842
ANA,2011,Home,61,879,118410
ANA,2011,Road,78,860,113136
ANA,2011,Total,139,1739,231546
WSH,2011,Home,84,1051,139421
WSH,2011,Road,86,1083,140342
WSH,2011,Total,170,2134,279763
NYI,2011,Home,60,945,120696
NYI,2011,Road,70,957,118306
NYI,2011,Total,130,1902,239002
BUF,2011,Home,70,905,120615
BUF,2011,Road,81,956,114769
BUF,2011,Total,151,1861,235384
T.B,2011,Home,73,835,114832
T.B,2011,Road,96,912,117640
T.B,2011,Total,169,1747,232472
N.J,2011,Home,91,1112,153545
N.J,2011,Road,87,1124,153564
N.J,2011,Total,178,2236,307109
CHI,2011,Home,79,1116,126993
CHI,2011,Road,95,1116,126516
CHI,2011,Total,174,2232,253509
CGY,2011,Home,61,867,118726
CGY,2011,Road,73,888,114953
CGY,2011,Total,134,1755,233679
MTL,2011,Home,63,839,111290
MTL,2011,Road,76,865,112970
MTL,2011,Total,139,1704,224260
STL,2011,Home,66,1012,127684
STL,2011,Road,82,1108,125610
STL,2011,Total,148,2120,253294
MIN,2011,Home,45,843,114527
MIN,2011,Road,58,810,115928
MIN,2011,Total,103,1653,230455
PIT,2011,Home,89,1070,121002
PIT,2011,Road,113,1153,125614
PIT,2011,Total,202,2223,246616
EDM,2011,Home,70,829,115568
EDM,2011,Road,68,900,114736
EDM,2011,Total,138,1729,230304
OTT,2011,Home,93,1084,124554
OTT,2011,Road,74,1085,123026
OTT,2011,Total,167,2169,247580
PHI,2011,Home,88,998,127086
PHI,2011,Road,97,1124,124994
PHI,2011,Total,185,2122,252080
L.A,2011,Home,83,1257,146032
L.A,2011,Road,68,1122,135868
L.A,2011,Total,151,2379,281900
S.J,2011,Home,67,1086,127354
S.J,2011,Road,77,1146,124824
S.J,2011,Total,144,2232,252178
DET,2011,Home,76,1076,124293
DET,2011,Road,107,1089,119126
DET,2011,Total,183,2165,243419
PHX,2011,Home,90,1099,139021
PHX,2011,Road,96,1216,144138
PHX,2011,Total,186,2315,283159
NYR,2011,Home,84,1045,143055
NYR,2011,Road,91,1183,145551
NYR,2011,Total,175,2228,288606
CAR,2011,Home,68,950,115912
CAR,2011,Road,69,927,116059
CAR,2011,Total,137,1877,231971
COL,2011,Home,67,953,115060
COL,2011,Road,68,1087,119817
COL,2011,Total,135,2040,234877
TOR,2011,Home,81,884,117495
TOR,2011,Road,72,945,119383
TOR,2011,Total,153,1829,236878
FLA,2011,Home,61,912,125519
FLA,2011,Road,68,1098,131748
FLA,2011,Total,129,2010,257267
BOS,2011,Home,99,1088,128103
BOS,2011,Road,102,1223,129218
BOS,2011,Total,201,2311,257321
WPG,2011,Home,75,963,118710
WPG,2011,Road,81,995,113527
WPG,2011,Total,156,1958,232237
CBJ,2012,Home,40,459,68346
CBJ,2012,Road,43,495,68533
CBJ,2012,Total,83,954,136879
DAL,2012,Home,47,472,67043
DAL,2012,Road,45,500,66066
DAL,2012,Total,92,972,133109
VAN,2012,Home,44,564,72980
VAN,2012,Road,45,571,73510
VAN,2012,Total,89,1135,146490
NSH,2012,Home,36,453,68827
NSH,2012,Road,38,528,69866
NSH,2012,Total,74,981,138693
ANA,2012,Home,53,581,78164
ANA,2012,Road,49,631,79517
ANA,2012,Total,102,1212,157681
WSH,2012,Home,48,586,75657
WSH,2012,Road,52,664,81730
WSH,2012,Total,100,1250,157387
NYI,2012,Home,55,672,79279
NYI,2012,Road,53,659,78879
NYI,2012,Total,108,1331,158158
BUF,2012,Home,42,487,65708
BUF,2012,Road,39,517,67290
BUF,2012,Total,81,1004,132998
T.B,2012,Home,51,532,69073
T.B,2012,Road,52,519,67035
T.B,2012,Total,103,1051,136108
N.J,2012,Home,25,498,67403
N.J,2012,Road,38,501,66877
N.J,2012,Total,63,999,134280
CHI,2012,Home,75,801,94996
CHI,2012,Road,81,1034,113881
CHI,2012,Total,156,1835,208877
CGY,2012,Home,28,503,68169
CGY,2012,Road,55,540,69017
CGY,2012,Total,83,1043,137186
MTL,2012,Home,55,604,71720
MTL,2012,Road,49,623,71979
MTL,2012,Total,104,1227,143699
STL,2012,Home,54,605,76667
STL,2012,Road,34,589,77214
STL,2012,Total,88,1194,153881
MIN,2012,Home,50,554,79248
MIN,2012,Road,38,606,70132
MIN,2012,Total,88,1160,149380
PIT,2012,Home,71,727,89309
PIT,2012,Road,68,754,90670
PIT,2012,Total,139,1481,179979
EDM,2012,Home,43,459,66697
EDM,2012,Road,37,530,67108
EDM,2012,Total,80,989,133805
OTT,2012,Home,46,741,80902
OTT,2012,Road,46,729,80755
OTT,2012,Total,92,1470,161657
PHI,2012,Home,45,517,64304
PHI,2012,Road,37,510,66808
PHI,2012,Total,82,1027,131112
L.A,2012,Home,44,849,96477
L.A,2012,Road,64,666,94531
L.A,2012,Total,108,1515,191008
S.J,2012,Home,39,698,84475
S.J,2012,Road,50,712,84883
S.J,2012,Total,89,1410,169358
DET,2012,Home,47,735,89335
DET,2012,Road,50,700,84301
DET,2012,Total,97,1435,173636
PHX,2012,Home,34,562,68241
PHX,2012,Road,52,597,66833
PHX,2012,Total,86,1159,135074
NYR,2012,Home,49,765,92058
NYR,2012,Road,63,731,83202
NYR,2012,Total,112,1496,175260
CAR,2012,Home,40,593,68351
CAR,2012,Road,49,627,66841
CAR,2012,Total,89,1220,135192
COL,2012,Home,30,526,68942
COL,2012,Road,49,592,67290
COL,2012,Total,79,1118,136232
TOR,2012,Home,57,557,79382
TOR,2012,Road,59,602,77320
TOR,2012,Total,116,1159,156702
FLA,2012,Home,28,545,70354
FLA,2012,Road,36,564,68983
FLA,2012,Total,64,1109,139337
BOS,2012,Home,62,908,103360
BOS,2012,Road,77,981,105918
BOS,2012,Total,139,1889,209278
WPG,2012,Home,48,570,70863
WPG,2012,Road,43,527,69361
WPG,2012,Total,91,1097,140224
CBJ,2013,Home,69,954,122461
CBJ,2013,Road,83,942,115870
CBJ,2013,Total,152,1896,238331
DAL,2013,Home,75,1019,123868
DAL,2013,Road,93,987,116524
DAL,2013,Total,168,2006,240392
VAN,2013,Home,65,923,115532
VAN,2013,Road,70,961,112806
VAN,2013,Total,135,1884,228338
NSH,2013,Home,74,920,113203
NSH,2013,Road,71,959,118725
NSH,2013,Total,145,1879,231928
ANA,2013,Home,103,1001,127381
ANA,2013,Road,101,1129,128452
ANA,2013,Total,204,2130,255833
WSH,2013,Home,63,829,113146
WSH,2013,Road,69,895,113048
WSH,2013,Total,132,1724,226194
NYI,2013,Home,68,897,113709
NYI,2013,Road,67,985,113401
NYI,2013,Total,135,1882,227110
BUF,2013,Home,40,789,109484
BUF,2013,Road,55,827,116563
BUF,2013,Total,95,1616,226047
T.B,2013,Home,72,996,119035
T.B,2013,Road,83,985,120064
T.B,2013,Total,155,1981,239099
N.J,2013,Home,54,863,118231
N.J,2013,Road,66,818,110210
N.J,2013,Total,120,1681,228441
CHI,2013,Home,102,1234,146428
CHI,2013,Road,120,1341,144829
CHI,2013,Total,222,2575,291257
CGY,2013,Home,59,832,114663
CGY,2013,Road,65,822,113815
CGY,2013,Total,124,1654,228478
MTL,2013,Home,81,1032,134841
MTL,2013,Road,81,1044,134753
MTL,2013,Total,162,2076,269594
STL,2013,Home,64,913,116527
STL,2013,Road,99,996,123161
STL,2013,Total,163,1909,239688
MIN,2013,Home,73,989,133679
MIN,2013,Road,85,978,131948
MIN,2013,Total,158,1967,265627
PIT,2013,Home,81,974,130679
PIT,2013,Road,93,1143,130016
PIT,2013,Total,174,2117,260695
EDM,2013,Home,65,800,114431
EDM,2013,Road,63,830,111694
EDM,2013,Total,128,1630,226125
OTT,2013,Home,69,929,104578
OTT,2013,Road,83,1100,113483
OTT,2013,Total,152,2029,218061
PHI,2013,Home,64,914,124314
PHI,2013,Road,82,987,113190
PHI,2013,Total,146,1901,237504
L.A,2013,Home,95,1265,149100
L.A,2013,Road,87,1307,147255
L.A,2013,Total,182,2572,296355
S.J,2013,Home,77,1113,125842
S.J,2013,Road,96,1133,118913
S.J,2013,Total,173,2246,244755
DET,2013,Home,80,934,115904
DET,2013,Road,71,982,118915
DET,2013,Total,151,1916,234819
PHX,2013,Home,61,872,108465
PHX,2013,Road,72,979,114132
PHX,2013,Total,133,1851,222597
NYR,2013,Home,90,1231,147856
NYR,2013,Road,91,1375,147095
NYR,2013,Total,181,2606,294951
CAR,2013,Home,66,951,112000
CAR,2013,Road,65,978,114637
CAR,2013,Total,131,1929,226637
COL,2013,Home,78,900,126718
COL,2013,Road,98,1073,125586
COL,2013,Total,176,1973,252304
TOR,2013,Home,65,836,110912
TOR,2013,Road,79,849,113930
TOR,2013,Total,144,1685,224842
FLA,2013,Home,75,879,107777
FLA,2013,Road,64,991,113718
FLA,2013,Total,139,1870,221495
BOS,2013,Home,87,1095,129009
BOS,2013,Road,102,1214,137204
BOS,2013,Total,189,2309,266213
WPG,2013,Home,73,912,114631
WPG,2013,Road,78,980,110467
WPG,2013,Total,151,1892,225098
CBJ,2014,Home,73,865,114047
CBJ,2014,Road,71,953,116994
CBJ,2014,Total,144,1818,231041
DAL,2014,Home,81,987,117069
DAL,2014,Road,93,1000,113525
DAL,2014,Total,174,1987,230594
VAN,2014,Home,82,1019,122669
VAN,2014,Road,77,1056,126640
VAN,2014,Total,159,2075,249309
NSH,2014,Home,85,1080,126746
NSH,2014,Road,96,1169,128667
NSH,2014,Total,181,2249,255413
ANA,2014,Home,96,1102,138234
ANA,2014,Road,100,1249,145126
ANA,2014,Total,196,2351,283360
WSH,2014,Home,83,1108,137621
WSH,2014,Road,90,1104,138167
WSH,2014,Total,173,2212,275788
NYI,2014,Home,88,1081,131261
NYI,2014,Road,96,1259,127360
NYI,2014,Total,184,2340,258621
BUF,2014,Home,54,745,119935
BUF,2014,Road,56,791,117155
BUF,2014,Total,110,1536,237090
T.B,2014,Home,104,1207,152409
T.B,2014,Road,117,1326,150718
T.B,2014,Total,221,2533,303127
N.J,2014,Home,58,817,117095
N.J,2014,Road,58,788,118316
N.J,2014,Total,116,1605,235411
CHI,2014,Home,91,1267,157114
CHI,2014,Road,108,1539,155949
CHI,2014,Total,199,2806,313063
CGY,2014,Home,75,986,137376
CGY,2014,Road,93,935,131238
CGY,2014,Total,168,1921,268614
MTL,2014,Home,77,1061,134278
MTL,2014,Road,88,1092,136355
MTL,2014,Total,165,2153,270633
STL,2014,Home,81,1074,127029
STL,2014,Road,90,1020,126252
STL,2014,Total,171,2094,253281
MIN,2014,Home,84,1070,134316
MIN,2014,Road,93,1100,129554
MIN,2014,Total,177,2170,263870
PIT,2014,Home,73,1053,123658
PIT,2014,Road,79,1010,120161
PIT,2014,Total,152,2063,243819
EDM,2014,Home,67,969,121731
EDM,2014,Road,64,874,121149
EDM,2014,Total,131,1843,242880
OTT,2014,Home,68,954,123826
OTT,2014,Road,91,1079,124447
OTT,2014,Total,159,2033,248273
PHI,2014,Home,62,858,116737
PHI,2014,Road,71,949,117958
PHI,2014,Total,133,1807,234695
ARI,2014,Home,57,906,118077
ARI,2014,Road,49,952,117168
ARI,2014,Total,106,1858,235245
L.A,2014,Home,79,1054,120384
L.A,2014,Road,75,983,116202
L.A,2014,Total,154,2037,236586
S.J,2014,Home,71,986,117341
S.J,2014,Road,68,978,119167
S.J,2014,Total,139,1964,236508
DET,2014,Home,69,958,124156
DET,2014,Road,69,951,121904
DET,2014,Total,138,1909,246060
NYR,2014,Home,110,1199,143279
NYR,2014,Road,99,1276,151820
NYR,2014,Total,209,2475,295099
CAR,2014,Home,65,981,118482
CAR,2014,Road,61,1045,119953
CAR,2014,Total,126,2026,238435
COL,2014,Home,60,837,118827
COL,2014,Road,93,917,114327
COL,2014,Total,153,1754,233154
TOR,2014,Home,55,904,115324
TOR,2014,Road,81,905,114436
TOR,2014,Total,136,1809,229760
FLA,2014,Home,67,989,116632
FLA,2014,Road,78,999,117407
FLA,2014,Total,145,1988,234039
BOS,2014,Home,72,909,117251
BOS,2014,Road,68,1068,122038
BOS,2014,Total,140,1977,239289
WPG,2014,Home,59,901,116940
WPG,2014,Road,93,1029,119691
WPG,2014,Total,152,1930,236631
CBJ,2015,Home,69,888,116276
CBJ,2015,Road,79,986,117413
CBJ,2015,Total,148,1874,233689
DAL,2015,Home,92,1129,135382
DAL,2015,Road,100,1227,137459
DAL,2015,Total,192,2356,272841
VAN,2015,Home,67,928,117285
VAN,2015,Road,56,874,117875
VAN,2015,Total,123,1802,235160
NSH,2015,Home,67,1090,139447
NSH,2015,Road,97,1164,135796
NSH,2015,Total,164,2254,275243
ANA,2015,Home,62,978,123580
ANA,2015,Road,77,1081,126749
ANA,2015,Total,139,2059,250329
WSH,2015,Home,85,1104,134580
WSH,2015,Road,94,1155,133311
WSH,2015,Total,179,2259,267891
NYI,2015,Home,77,1049,139826
NYI,2015,Road,91,1140,135557
NYI,2015,Total,168,2189,275383
BUF,2015,Home,67,912,119216
BUF,2015,Road,54,931,118374
BUF,2015,Total,121,1843,237590
T.B,2015,Home,95,1070,136212
T.B,2015,Road,89,1162,138176
T.B,2015,Total,184,2232,274388
N.J,2015,Home,51,747,114926
N.J,2015,Road,57,759,115645
N.J,2015,Total,108,1506,230571
CHI,2015,Home,67,1064,132104
CHI,2015,Road,77,1127,128191
CHI,2015,Total,144,2191,260295
CGY,2015,Home,68,889,115289
CGY,2015,Road,84,968,120296
CGY,2015,Total,152,1857,235585
MTL,2015,Home,83,960,115907
MTL,2015,Road,63,1018,117608
MTL,2015,Total,146,1978,233515
STL,2015,Home,98,1250,147964
STL,2015,Road,76,1172,145764
STL,2015,Total,174,2422,293728
MIN,2015,Home,69,953,124435
MIN,2015,Road,81,984,126435
MIN,2015,Total,150,1937,250870
PIT,2015,Home,93,1274,148440
PIT,2015,Road,116,1510,155376
PIT,2015,Total,209,2784,303816
EDM,2015,Home,63,951,120887
EDM,2015,Road,71,922,112638
EDM,2015,Total,134,1873,233525
OTT,2015,Home,68,881,118181
OTT,2015,Road,80,924,117240
OTT,2015,Total,148,1805,235421
PHI,2015,Home,66,916,121238
PHI,2015,Road,70,1079,123965
PHI,2015,Total,136,1995,245203
ARI,2015,Home,60,872,113315
ARI,2015,Road,71,804,111017
ARI,2015,Total,131,1676,224332
L.A,2015,Home,75,1081,123807
L.A,2015,Road,72,1073,125313
L.A,2015,Total,147,2154,249120
S.J,2015,Home,97,1141,155541
S.J,2015,Road,98,1276,153583
S.J,2015,Total,195,2417,309124
DET,2015,Home,65,959,123971
DET,2015,Road,72,1015,118610
DET,2015,Total,137,1974,242581
NYR,2015,Home,82,990,127536
NYR,2015,Road,88,938,124533
NYR,2015,Total,170,1928,252069
CAR,2015,Home,60,910,119439
CAR,2015,Road,72,1006,121611
CAR,2015,Total,132,1916,241050
COL,2015,Home,72,850,115150
COL,2015,Road,66,922,117241
COL,2015,Total,138,1772,232391
TOR,2015,Home,56,911,113357
TOR,2015,Road,64,976,117121
TOR,2015,Total,120,1887,230478
FLA,2015,Home,82,956,126894
FLA,2015,Road,88,1049,125385
FLA,2015,Total,170,2005,252279
BOS,2015,Home,82,996,115976
BOS,2015,Road,76,1047,119216
BOS,2015,Total,158,2043,235192
WPG,2015,Home,70,918,115841
WPG,2015,Road,74,975,114504
WPG,2015,Total,144,1893,230345
CBJ,2016,Home,25,361,42649
CBJ,2016,Road,46,422,52341
CBJ,2016,Total,71,783,94990
DAL,2016,Home,23,418,50871
DAL,2016,Road,31,381,47628
DAL,2016,Total,54,799,98499
VAN,2016,Home,30,376,45673
VAN,2016,Road,27,385,53422
VAN,2016,Total,57,761,99095
NSH,2016,Home,27,427,45527
NSH,2016,Road,39,439,51982
NSH,2016,Total,66,866,97509
ANA,2016,Home,31,403,55293
ANA,2016,Road,30,388,45132
ANA,2016,Total,61,791,100425
WSH,2016,Home,29,393,46129
WSH,2016,Road,32,370,47169
WSH,2016,Total,61,763,93298
NYI,2016,Home,18,273,33911
NYI,2016,Road,56,541,64152
NYI,2016,Total,74,814,98063
BUF,2016,Home,29,372,49161
BUF,2016,Road,18,403,49841
BUF,2016,Total,47,775,99002
T.B,2016,Home,34,463,56485
T.B,2016,Road,27,336,41748
T.B,2016,Total,61,799,98233
N.J,2016,Home,27,468,59868
N.J,2016,Road,24,297,39306
N.J,2016,Total,51,765,99174
CHI,2016,Home,25,347,43876
CHI,2016,Road,39,481,61761
CHI,2016,Total,64,828,105637
CGY,2016,Home,23,439,55975
CGY,2016,Road,37,376,47486
CGY,2016,Total,60,815,103461
MTL,2016,Home,22,342,40474
MTL,2016,Road,50,511,55343
MTL,2016,Total,72,853,95817
STL,2016,Home,23,359,46008
STL,2016,Road,39,407,52515
STL,2016,Total,62,766,98523
MIN,2016,Home,40,456,55625
MIN,2016,Road,30,335,42113
MIN,2016,Total,70,791,97738
PIT,2016,Home,34,445,47079
PIT,2016,Road,45,545,54232
PIT,2016,Total,79,990,101311
EDM,2016,Home,34,457,54111
EDM,2016,Road,28,395,45431
EDM,2016,Total,62,852,99542
OTT,2016,Home,25,332,43679
OTT,2016,Road,32,455,53613
OTT,2016,Total,57,787,97292
PHI,2016,Home,27,363,45168
PHI,2016,Road,36,468,57137
PHI,2016,Total,63,831,102305
ARI,2016,Home,28,390,52031
ARI,2016,Road,24,403,47766
ARI,2016,Total,52,793,99797
L.A,2016,Home,31,460,52804
L.A,2016,Road,26,326,42132
L.A,2016,Total,57,786,94936
S.J,2016,Home,36,436,54116
S.J,2016,Road,21,380,46271
S.J,2016,Total,57,816,100387
DET,2016,Home,26,331,42977
DET,2016,Road,35,452,55896
DET,2016,Total,61,783,98873
NYR,2016,Home,32,382,50067
NYR,2016,Road,48,435,56552
NYR,2016,Total,80,817,106619
CAR,2016,Home,29,434,55146
CAR,2016,Road,26,322,40217
CAR,2016,Total,55,756,95363
COL,2016,Home,19,358,46550
COL,2016,Road,23,345,44024
COL,2016,Total,42,703,90574
TOR,2016,Home,31,407,45922
TOR,2016,Road,40,456,47892
TOR,2016,Total,71,863,93814
FLA,2016,Home,25,423,53307
FLA,2016,Road,25,391,44787
FLA,2016,Total,50,814,98094
BOS,2016,Home,31,525,55356
BOS,2016,Road,29,449,48510
BOS,2016,Total,60,974,103866
WPG,2016,Home,32,413,57361
WPG,2016,Road,31,355,46800
WPG,2016,Total,63,768,104161